Study ID	Sample ID	Patient ID	Altered	MAML2	FAT2	TP53	SPTBN1	FAM193A	NOTCH1	SYNE1	ODF1	NRG3	DCHS1	FAT1	KMT2C	KMT2B	CSMD1	BRCA2	MAML2: MUT	FAT2: MUT	TP53: MUT	SPTBN1: MUT	FAM193A: MUT	NOTCH1: MUT	SYNE1: MUT	ODF1: MUT	NRG3: MUT	DCHS1: MUT	FAT1: MUT	KMT2C: MUT	KMT2B: MUT	CSMD1: MUT	BRCA2: MUT
vsc_cuk_2018	VSCC2	VSCC2	1	no alteration	no alteration	no alteration	no alteration	no alteration	no alteration	T2705I	no alteration	no alteration	no alteration	no alteration	no alteration	no alteration	no alteration	E1695* (driver)	no alteration	no alteration	no alteration	no alteration	no alteration	no alteration	T2705I	no alteration	no alteration	no alteration	no alteration	no alteration	no alteration	no alteration	E1695* (driver)
vsc_cuk_2018	VSCC3	VSCC3	1	no alteration	no alteration	no alteration	E2263K	no alteration	no alteration	no alteration	N219_C227del	no alteration	no alteration	no alteration	no alteration	no alteration	no alteration	no alteration	no alteration	no alteration	no alteration	E2263K	no alteration	no alteration	no alteration	N219_C227del	no alteration	no alteration	no alteration	no alteration	no alteration	no alteration	no alteration
vsc_cuk_2018	VSCC4	VSCC4	1	no alteration	Q2134*, S1653L	no alteration	no alteration	no alteration	no alteration	W2037*	no alteration	S241F	no alteration	no alteration	no alteration	no alteration	no alteration	no alteration	no alteration	Q2134*, S1653L	no alteration	no alteration	no alteration	no alteration	W2037*	no alteration	S241F	no alteration	no alteration	no alteration	no alteration	no alteration	no alteration
vsc_cuk_2018	VSCC5	VSCC5	1	Q621del	no alteration	no alteration	no alteration	no alteration	no alteration	no alteration	no alteration	no alteration	no alteration	no alteration	no alteration	no alteration	R2792Q	no alteration	Q621del	no alteration	no alteration	no alteration	no alteration	no alteration	no alteration	no alteration	no alteration	no alteration	no alteration	no alteration	no alteration	R2792Q	no alteration
vsc_cuk_2018	VSCC6	VSCC6	1	Q619_Q621del	no alteration	no alteration	no alteration	no alteration	no alteration	no alteration	no alteration	no alteration	no alteration	no alteration	no alteration	no alteration	no alteration	no alteration	Q619_Q621del	no alteration	no alteration	no alteration	no alteration	no alteration	no alteration	no alteration	no alteration	no alteration	no alteration	no alteration	no alteration	no alteration	no alteration
vsc_cuk_2018	VSCC7	VSCC7	1	Q621del	no alteration	S241Y (driver)	D2292N	no alteration	no alteration	R5852C	N219_C227del	G450S	no alteration	no alteration	no alteration	no alteration	no alteration	no alteration	Q621del	no alteration	S241Y (driver)	D2292N	no alteration	no alteration	R5852C	N219_C227del	G450S	no alteration	no alteration	no alteration	no alteration	no alteration	no alteration
vsc_cuk_2018	VSCC8	VSCC8	1	Q619_Q621del	no alteration	C229Yfs*10 (driver)	no alteration	no alteration	no alteration	E842D	N219_C227del	no alteration	no alteration	no alteration	R3423T, T2365I	no alteration	G3524W	no alteration	Q619_Q621del	no alteration	C229Yfs*10 (driver)	no alteration	no alteration	no alteration	E842D	N219_C227del	no alteration	no alteration	no alteration	R3423T, T2365I	no alteration	G3524W	no alteration
vsc_cuk_2018	VSCC9	VSCC9	1	no alteration	G1515S	no alteration	R498H	S351N	no alteration	no alteration	no alteration	S340L	no alteration	D3749N	no alteration	no alteration	no alteration	no alteration	no alteration	G1515S	no alteration	R498H	S351N	no alteration	no alteration	no alteration	S340L	no alteration	D3749N	no alteration	no alteration	no alteration	no alteration
vsc_cuk_2018	VSCC10	VSCC10	1	no alteration	Q2134*, S1653L	no alteration	no alteration	no alteration	no alteration	no alteration	no alteration	S241F	R2889W	no alteration	E3440D	no alteration	no alteration	no alteration	no alteration	Q2134*, S1653L	no alteration	no alteration	no alteration	no alteration	no alteration	no alteration	S241F	R2889W	no alteration	E3440D	no alteration	no alteration	no alteration
vsc_cuk_2018	VSCC11	VSCC11	1	no alteration	no alteration	R248W (driver), R248P (driver)	no alteration	no alteration	no alteration	no alteration	no alteration	no alteration	no alteration	no alteration	no alteration	R142* (driver)	N2356K	no alteration	no alteration	no alteration	R248W (driver), R248P (driver)	no alteration	no alteration	no alteration	no alteration	no alteration	no alteration	no alteration	no alteration	no alteration	R142* (driver)	N2356K	no alteration
vsc_cuk_2018	VSCC12	VSCC12	1	Q619_Q621del	no alteration	L257R (driver)	no alteration	E926K, M990I, E1042Q	R365C (driver)	no alteration	no alteration	no alteration	no alteration	no alteration	no alteration	Q812* (driver), Y1758C	no alteration	E456Q, G490E	Q619_Q621del	no alteration	L257R (driver)	no alteration	E926K, M990I, E1042Q	R365C (driver)	no alteration	no alteration	no alteration	no alteration	no alteration	no alteration	Q812* (driver), Y1758C	no alteration	E456Q, G490E
vsc_cuk_2018	VSCC13	VSCC13	1	Q619_Q621del	no alteration	no alteration	E1060K	no alteration	F249C, V413del, F249L, T250P	no alteration	N219_C227del	no alteration	no alteration	Q1455* (driver), S3268* (driver)	R284Q	no alteration	no alteration	no alteration	Q619_Q621del	no alteration	no alteration	E1060K	no alteration	F249C, V413del, F249L, T250P	no alteration	N219_C227del	no alteration	no alteration	Q1455* (driver), S3268* (driver)	R284Q	no alteration	no alteration	no alteration
vsc_cuk_2018	VSCC14	VSCC14	1	no alteration	H709D	no alteration	K1998N	S965F	no alteration	Q7054*	no alteration	no alteration	L2802V	no alteration	no alteration	no alteration	no alteration	no alteration	no alteration	H709D	no alteration	K1998N	S965F	no alteration	Q7054*	no alteration	no alteration	L2802V	no alteration	no alteration	no alteration	no alteration	no alteration
vsc_cuk_2018	VSCC15	VSCC15	1	no alteration	no alteration	R248W (driver)	no alteration	no alteration	no alteration	no alteration	N225S	no alteration	H3004Y, E206Q	W4175* (driver)	no alteration	I1737F	no alteration	no alteration	no alteration	no alteration	R248W (driver)	no alteration	no alteration	no alteration	no alteration	N225S	no alteration	H3004Y, E206Q	W4175* (driver)	no alteration	I1737F	no alteration	no alteration
vsc_cuk_2018	VSCC1	VSCC1	0	no alteration	no alteration	no alteration	no alteration	no alteration	no alteration	no alteration	no alteration	no alteration	no alteration	no alteration	no alteration	no alteration	no alteration	no alteration	no alteration	no alteration	no alteration	no alteration	no alteration	no alteration	no alteration	no alteration	no alteration	no alteration	no alteration	no alteration	no alteration	no alteration	no alteration
